都道府県,市区町村,撮影場所,撮影日時,緯度,経度,"夜空の明るさ
（等級（mag/□”））",ばらつき,周辺状況,備考,継続観察登録地点
北海道,名寄市,なよろ市立天文台,2023/8/13 8:46 PM,44.37388889 ,142.48305556 ,21.14,0.10,住宅地域,,○
北海道,名寄市,なよろ市立天文台,2023/8/14 9:29 PM,44.37388889 ,142.48277778 ,20.70,0.09,住宅地域,,○
北海道,名寄市,なよろ市立天文台,2023/8/18 8:16 PM,44.37416667 ,142.48305556 ,21.17,0.17,住宅地域,,○
北海道,登別市,,2023/8/9 9:30 PM,42.46027778 ,141.10305556 ,21.41,0.15,,,
北海道,伊達市,北湯沢温泉,2023/8/10 9:32 PM,42.62388889 ,141.02527778 ,21.07,0.12,森林山間地,,○
北海道,伊達市,,2023/8/10 9:55 PM,42.63472222 ,141.06055556 ,20.90,0.18,,,
北海道,陸別町,りくべつ宇宙地球科学館（銀河の森天文台）,2023/8/15 9:23 PM,43.45638889 ,143.76611111 ,21.33,0.24,森林山間地,,○
北海道,陸別町,りくべつ宇宙地球科学館（銀河の森天文台）,2023/8/17 9:45 PM,43.45638889 ,143.76611111 ,21.80,0.21,森林山間地,,○
北海道,弟子屈町,北海道川上郡弟子屈町,2023/8/20 8:12 PM,43.52416667 ,144.40222222 ,21.56,0.13,農業地域,,○
青森県,八戸市,,2023/8/11 8:44 PM,40.38138889 ,141.49638889 ,21.26,0.06,,,
青森県,八戸市,,2023/8/11 8:44 PM,40.37777778 ,141.49805556 ,21.28,0.07,,,
青森県,八戸市,,2023/8/11 8:44 PM,40.37972222 ,141.49833333 ,21.30,0.08,,,
青森県,八戸市,,2023/8/10 9:41 PM,40.49444444 ,141.53305556 ,19.73,0.09,,,
岩手県,久慈市,久慈市長内町,2023/8/11 9:08 PM,40.18611111 ,141.79000000 ,20.71,0.25,住宅地域,,○
岩手県,陸前高田市,,2023/8/13 9:59 PM,39.01166667 ,141.68916667 ,20.90,0.11,,,
岩手県,陸前高田市,,2023/8/13 9:53 PM,39.01194444 ,141.68916667 ,20.67,0.11,,,
岩手県,陸前高田市,,2023/8/13 10:01 PM,39.01194444 ,141.68916667 ,20.76,0.15,,,
岩手県,陸前高田市,,2023/8/13 9:58 PM,39.01194444 ,141.68916667 ,20.80,0.20,,,
岩手県,二戸市,二戸市福岡 古梅児童公園の近辺,2023/8/20 9:17 PM,40.27083333 ,141.31527778 ,20.59,0.19,住宅地域,,○
宮城県,柴田町,柴田郡柴田町本船迫,2023/8/20 8:01 PM,38.07555556 ,140.75583333 ,19.20,0.19,自然公園等,,○
山形県,朝日町,山形県朝日町　Asahi自然観,2023/8/9 9:15 PM,38.30805556 ,140.05138889 ,21.35,0.19,その他,,○
山形県,朝日町,山形県朝日町　Asahi自然観,2023/8/10 9:52 PM,38.30805556 ,140.05138889 ,21.36,0.25,その他,,○
山形県,朝日町,山形県朝日町　Asahi自然観,2023/8/10 8:57 PM,38.30805556 ,140.05138889 ,21.29,0.17,その他,,○
山形県,朝日町,山形県朝日町　Asahi自然観,2023/8/10 8:59 PM,38.30805556 ,140.05138889 ,21.24,0.12,その他,,○
福島県,いわき市,いわき市中央台鹿島,2023/8/12 9:31 PM,37.00750000 ,140.92416667 ,19.80,0.08,住宅地域,,○
福島県,いわき市,いわき市中央台鹿島,2023/8/18 9:18 PM,37.00750000 ,140.92416667 ,18.67,0.15,住宅地域,,○
福島県,いわき市,いわき市中央台鹿島,2023/8/10 8:14 PM,37.00750000 ,140.92416667 ,19.04,0.10,住宅地域,,○
福島県,白河市,白河関の森公園駐車場,2023/8/19 8:05 PM,37.04444444 ,140.22888889 ,19.52,0.26,農業地域,,○
福島県,田村市,星の村天文台,2023/8/15 9:33 PM,37.34166667 ,140.67611111 ,20.49,0.14,自然公園等,,○
福島県,三島町,,2023/8/14 8:02 PM,37.49500000 ,139.61888889 ,21.62,0.08,,,
福島県,広野町,SUZUKI天体観測所,2023/8/12 9:05 PM,37.19166667 ,140.95138889 ,21.06,0.13,森林山間地,,○
福島県,広野町,双葉郡広野町,2023/8/12 9:28 PM,37.21555556 ,140.99305556 ,20.63,0.10,住宅地域,,○
茨城県,笠間市,,2023/8/18 8:43 PM,36.36138889 ,140.28777778 ,19.63,0.06,,,
茨城県,つくば市,つくば市吾妻,2023/8/14 9:29 PM,36.08305556 ,140.11805556 ,18.17,0.08,住宅地域,,○
茨城県,つくば市,つくば市吾妻,2023/8/16 9:15 PM,36.08333333 ,140.11805556 ,18.19,0.10,住宅地域,,○
茨城県,つくば市,つくば市吾妻,2023/8/17 8:45 PM,36.08333333 ,140.11833333 ,18.29,0.05,住宅地域,,○
茨城県,つくば市,つくば市吾妻,2023/8/18 9:23 PM,36.08333333 ,140.11833333 ,18.04,0.12,住宅地域,,○
茨城県,城里町,,2023/8/12 8:15 PM,36.43777778 ,140.35750000 ,20.03,0.07,,,
茨城県,城里町,,2023/8/12 9:25 PM,36.43777778 ,140.35750000 ,19.50,0.13,,,
栃木県,佐野市,佐野市 赤城神社,2023/8/12 9:16 PM,36.29694444 ,139.57722222 ,18.87,0.09,住宅地域,,○
栃木県,佐野市,佐野市 梅林公園,2023/8/12 9:57 PM,36.35388889 ,139.60944444 ,19.45,0.07,農業地域,,○
群馬県,玉村町,群馬県佐波郡玉村町道の駅玉村宿,2023/8/18 8:04 PM,36.30777778 ,139.09611111 ,17.77,0.19,農業地域,,○
埼玉県,さいたま市　緑区,浦和美園４丁目公園,2023/8/10 9:52 PM,35.89611111 ,139.73222222 ,17.68,0.12,住宅地域,,○
埼玉県,草加市,東武スカイツリーライン谷塚駅前,2023/8/17 8:12 PM,35.81555556 ,139.80027778 ,17.37,0.06,商業地域,,○
千葉県,松戸市,松戸市内,2023/8/8 9:16 PM,35.77944444 ,139.90444444 ,17.65,0.17,住宅地域,参考値（薄雲）,○
千葉県,成田市,,2023/8/19 8:23 PM,35.76388889 ,140.38333333 ,17.73,0.10,,,
千葉県,八千代市,,2023/8/8 9:34 PM,35.75722222 ,140.10694444 ,17.88,0.18,,,
千葉県,鴨川市,鴨川市内,2023/8/11 9:30 PM,35.13888889 ,139.99694444 ,20.31,0.13,農業地域,,○
千葉県,鎌ケ谷市,鎌ケ谷市内,2023/8/12 8:34 PM,35.77805556 ,139.99083333 ,18.03,0.04,住宅地域,,○
東京都,千代田区,,2023/8/7 9:17 PM,35.68111111 ,139.76500000 ,16.60,0.16,,,
東京都,文京区,東洋大学白山キャンパス１号館屋上,2023/8/10 8:37 PM,35.72305556 ,139.75055556 ,17.07,0.05,商業地域,参考値（薄雲）,○
東京都,中野区,なかのZERO,2023/8/11 8:19 PM,35.70444444 ,139.67111111 ,17.13,0.12,商業地域,,○
東京都,三鷹市,三鷹市大沢,2023/8/10 8:23 PM,35.67444444 ,139.53777778 ,17.65,0.05,住宅地域,,○
東京都,小金井市,都立小金井公園　いこいの広場,2023/8/10 8:38 PM,35.71583333 ,139.51583333 ,17.62,0.09,自然公園等,,○
東京都,羽村市,羽村市,2023/8/8 8:50 PM,35.77194444 ,139.30083333 ,18.32,0.10,住宅地域,,○
東京都,奥多摩町,西多摩郡奥多摩町 奥多摩湖大麦代園地駐車場,2023/8/12 8:58 PM,35.78944444 ,139.04333333 ,19.85,0.10,森林山間地,,○
東京都,神津島村,神津島村 よたね広場,2023/8/17 9:57 PM,34.20472222 ,139.13916667 ,20.85,0.08,住宅地域,,○
東京都,神津島村,神津島村 ヘリポート,2023/8/16 9:53 PM,34.19861111 ,139.12666667 ,21.14,0.08,農業地域,,○
東京都,神津島村,神津島村 三浦湾展望台,2023/8/16 9:36 PM,34.19166667 ,139.14388889 ,21.41,0.15,その他,,○
東京都,神津島村,神津島村 赤崎遊歩道,2023/8/17 9:38 PM,34.23944444 ,139.13750000 ,21.36,0.16,その他,,○
東京都,小笠原村,小笠原村父島　コペペ海岸,2023/8/14 8:37 PM,27.06444444 ,142.19305556 ,21.72,0.12,森林山間地,,○
神奈川県,横浜市　都筑区,,2023/8/17 9:53 PM,35.56638889 ,139.59472222 ,17.59,0.10,,,
神奈川県,川崎市　多摩区,,2023/8/11 9:13 PM,35.61416667 ,139.57277778 ,17.81,0.11,,,
神奈川県,川崎市　多摩区,,2023/8/18 10:00 PM,35.61777778 ,139.53472222 ,17.20,0.16,,,
神奈川県,川崎市　多摩区,,2023/8/12 9:42 PM,35.60861111 ,139.56083333 ,18.02,0.10,,,
神奈川県,川崎市　麻生区,,2023/8/12 10:02 PM,35.61138889 ,139.47472222 ,18.19,0.07,,,
神奈川県,川崎市　多摩区,,2023/8/17 8:07 PM,35.60805556 ,139.56111111 ,17.60,0.08,,,
神奈川県,川崎市　麻生区,,2023/8/17 8:38 PM,35.60777778 ,139.50444444 ,17.69,0.11,,,
神奈川県,川崎市　麻生区,,2023/8/17 8:58 PM,35.58555556 ,139.51750000 ,17.84,0.08,,,
神奈川県,川崎市　宮前区,,2023/8/17 9:15 PM,35.58944444 ,139.54805556 ,17.73,0.09,,,
神奈川県,川崎市　多摩区,,2023/8/18 8:05 PM,35.60583333 ,139.58388889 ,17.34,0.09,,,
神奈川県,川崎市　高津区,,2023/8/18 8:26 PM,35.59472222 ,139.61944444 ,17.14,0.09,,,
神奈川県,川崎市　高津区,,2023/8/18 8:41 PM,35.58611111 ,139.61055556 ,17.25,0.12,,,
神奈川県,川崎市　高津区,,2023/8/18 8:56 PM,35.56916667 ,139.63444444 ,17.38,0.07,,,
神奈川県,川崎市　中原区,,2023/8/18 9:12 PM,35.58416667 ,139.64861111 ,17.43,0.07,,,
神奈川県,川崎市　中原区,,2023/8/18 9:28 PM,35.56611111 ,139.65888889 ,17.41,0.12,,,
神奈川県,川崎市　幸区,,2023/8/18 9:45 PM,35.53500000 ,139.66833333 ,17.51,0.12,,,
神奈川県,川崎市　幸区,,2023/8/18 9:55 PM,35.53638889 ,139.68861111 ,17.32,0.10,,,
神奈川県,川崎市　川崎区,,2023/8/18 10:16 PM,35.52888889 ,139.70861111 ,17.24,0.11,,,
神奈川県,平塚市,平塚市岡崎,2023/8/17 9:41 PM,35.36888889 ,139.32055556 ,18.76,0.06,農業地域,,○
神奈川県,藤沢市,藤沢市内,2023/8/10 9:10 PM,35.39750000 ,139.46972222 ,17.74,0.10,商業地域,,○
富山県,富山市,富山県富山市三熊　古洞ダム付近,2023/8/11 8:52 PM,36.65972222 ,137.10333333 ,19.52,0.14,自然公園等,,○
富山県,富山市,,2023/8/12 9:32 PM,36.68055556 ,137.21166667 ,18.10,0.11,,,
富山県,黒部市,富山県黒部市黒部市吉田科学館,2023/8/11 8:30 PM,36.90138889 ,137.42527778 ,19.82,0.09,住宅地域,,○
石川県,金沢市,,2023/8/10 10:15 PM,36.59861111 ,136.66861111 ,18.80,0.10,,,
石川県,かほく市,,2023/8/10 8:57 PM,36.71861111 ,136.70444444 ,19.53,0.12,,,
石川県,能登町,石川県柳田星の観察館「満天星」 ,2023/8/10 9:01 PM,37.33500000 ,137.13694444 ,21.90,0.05,自然公園等,,○
石川県,能登町,石川県柳田星の観察館「満天星」 ,2023/8/11 9:49 PM,37.33500000 ,137.13694444 ,21.63,0.24,自然公園等,,○
石川県,能登町,石川県柳田星の観察館「満天星」 ,2023/8/11 9:52 PM,37.33500000 ,137.13694444 ,21.51,0.23,自然公園等,,○
石川県,能登町,石川県柳田星の観察館「満天星」 ,2023/8/12 8:57 PM,37.33500000 ,137.13694444 ,21.67,0.29,自然公園等,,○
石川県,能登町,石川県柳田星の観察館「満天星」 ,2023/8/16 9:14 PM,37.33500000 ,137.13694444 ,21.85,0.26,自然公園等,,○
福井県,大野市,六呂師自然保護センター第２駐車場,2023/8/10 10:15 PM,36.02027778 ,136.58277778 ,21.17,0.07,自然公園等,,○
福井県,大野市,大矢戸天文台,2023/8/10 8:58 PM,36.01916667 ,136.47833333 ,20.79,0.06,森林山間地,,○
福井県,大野市,大野市下据,2023/8/10 8:32 PM,35.96722222 ,136.51277778 ,20.61,0.08,農業地域,,○
福井県,大野市,六呂師自然保護センター第２駐車場,2023/8/10 10:13 PM,36.02027778 ,136.58277778 ,21.15,0.09,自然公園等,,○
福井県,大野市,福井県自然保護センター観察棟,2023/8/11 10:01 PM,36.02138889 ,136.58222222 ,20.95,0.12,自然公園等,,○
福井県,大野市,福井県自然保護センター観察棟,2023/8/11 10:15 PM,36.02138889 ,136.58222222 ,20.94,0.15,自然公園等,,○
福井県,大野市,福井県自然保護センター観察棟,2023/8/10 9:25 PM,36.02138889 ,136.58222222 ,21.15,0.10,自然公園等,,○
福井県,大野市,福井県自然保護センター観察棟,2023/8/10 10:00 PM,36.02138889 ,136.58222222 ,21.15,0.16,自然公園等,,○
福井県,大野市,福井県自然保護センター観察棟,2023/8/10 10:19 PM,36.02138889 ,136.58222222 ,21.03,0.02,自然公園等,,○
福井県,大野市,福井県自然保護センター観察棟,2023/8/10 10:21 PM,36.02138889 ,136.58222222 ,20.89,0.07,自然公園等,,○
福井県,大野市,福井県自然保護センター観察棟,2023/8/11 10:15 PM,36.02138889 ,136.58222222 ,20.94,0.15,自然公園等,,○
福井県,大野市,福井県自然保護センター観察棟,2023/8/11 9:59 PM,36.02138889 ,136.58222222 ,20.92,0.14,自然公園等,,○
福井県,おおい町,大飯郡おおい町名田庄中,2023/8/10 9:15 PM,35.40527778 ,135.64027778 ,21.33,0.30,農業地域,参考値（薄雲）,○
福井県,おおい町,大飯郡おおい町名田庄納田終,2023/8/10 9:30 PM,35.39638889 ,135.57055556 ,,,森林山間地,測定不可（雲量大）,○
福井県,おおい町,大飯郡おおい町名田庄三重,2023/8/11 8:45 PM,35.41361111 ,135.68194444 ,21.00,0.21,農業地域,,○
福井県,おおい町,大飯郡おおい町名田庄中,2023/8/11 8:59 PM,35.40527778 ,135.64000000 ,21.70,0.24,農業地域,,○
福井県,おおい町,大飯郡おおい町名田庄納田終,2023/8/11 9:19 PM,35.39638889 ,135.57055556 ,21.14,0.23,森林山間地,,○
福井県,おおい町,,2023/8/11 9:33 PM,35.39444444 ,135.58777778 ,21.37,0.22,,,
福井県,おおい町,,2023/8/11 10:06 PM,35.41083333 ,135.68305556 ,20.92,0.16,,,
福井県,おおい町,大飯郡おおい町名田庄納田終,2023/8/10 9:30 PM,35.39638889 ,135.57083333 ,,,森林山間地,測定不可（雲量大）,○
山梨県,富士吉田市,富士北麓公園駐車場,2023/8/18 7:56 PM,35.45666667 ,138.76722222 ,19.29,0.11,自然公園等,,○
山梨県,富士吉田市,富士散策公園,2023/8/18 8:07 PM,35.45611111 ,138.80444444 ,19.03,0.15,自然公園等,,○
山梨県,富士吉田市,富士吉田市大明見地内,2023/8/18 8:24 PM,35.48472222 ,138.81805556 ,19.08,0.14,住宅地域,,○
山梨県,北杜市,北杜市白州町横手,2023/8/10 9:05 PM,35.78805556 ,138.31694444 ,20.01,0.20,農業地域,,○
山梨県,北杜市,,2023/8/10 8:45 PM,35.80083333 ,138.42861111 ,20.29,0.13,,,
山梨県,富士河口湖町,南都留郡富士河口湖町大石,2023/8/18 9:41 PM,35.52416667 ,138.73027778 ,20.31,0.08,農業地域,,○
山梨県,小菅村,北都留郡小菅村 小菅村ヘリポート,2023/8/12 10:10 PM,35.76361111 ,138.94000000 ,20.48,0.04,森林山間地,,○
山梨県,丹波山村,北都留郡丹波山村,2023/8/12 9:22 PM,35.78527778 ,138.97805556 ,20.03,0.12,森林山間地,,○
長野県,長野市,鬼無里　松原,2023/8/11 10:29 PM,36.67805556 ,137.99111111 ,21.16,0.26,その他,,○
長野県,長野市,鬼無里東京　加茂神社参道,2023/8/11 10:14 PM,36.68805556 ,137.96611111 ,21.21,0.17,その他,,○
長野県,長野市,鬼無里日影　押切,2023/8/11 8:22 PM,36.66777778 ,137.92750000 ,,,その他,測定不可（ピンボケ）,○
長野県,長野市,鬼無里日影　押切,2023/8/11 8:22 PM,36.66777778 ,137.92750000 ,,,その他,測定不可（ピンボケ）,○
長野県,長野市,,2023/8/23 9:15 PM,36.65944444 ,138.20277778 ,,,,測定不可（雲量大）,
長野県,長野市,長野県庁,2023/8/8 8:41 PM,36.65111111 ,138.18083333 ,17.32,0.36,住宅地域,参考値（薄雲）,○
長野県,長野市,鬼無里　大望峠,2023/8/10 9:22 PM,36.71972222 ,138.04027778 ,21.16,0.24,森林山間地,,○
長野県,長野市,鬼無里　文道　ふるさとの館跡駐車場,2023/8/10 9:57 PM,36.69111111 ,138.01527778 ,21.23,0.27,森林山間地,,○
長野県,長野市,旧鬼無里中学校跡地駐車場,2023/8/10 10:34 PM,36.68277778 ,138.00250000 ,20.94,0.07,その他,,○
長野県,長野市,鬼無里小中学校横グランド,2023/8/10 10:49 PM,36.67972222 ,138.00361111 ,21.03,0.07,その他,参考値（時間外）,○
長野県,長野市,鬼無里小中学校横グランド,2023/8/10 10:49 PM,36.67972222 ,138.00388889 ,20.98,0.09,その他,参考値（時間外）,○
長野県,松本市,松本市安曇上高地　大正池,2023/8/14 8:59 PM,36.22888889 ,137.61916667 ,21.72,0.18,自然公園等,,○
長野県,松本市,西南公園,2023/8/11 9:29 PM,36.18361111 ,137.91833333 ,19.64,0.10,自然公園等,,○
長野県,松本市,,2023/8/10 8:32 PM,36.20277778 ,137.85583333 ,20.07,0.11,,,
長野県,松本市,,2023/8/10 8:46 PM,36.18333333 ,137.80388889 ,20.94,0.10,,,
長野県,松本市,,2023/8/10 9:01 PM,36.15305556 ,137.74916667 ,21.37,0.16,,,
長野県,松本市,奈川高原,2023/8/10 9:33 PM,36.04611111 ,137.70222222 ,21.56,0.21,自然公園等,,○
長野県,松本市,奈川渡ダム駐車場,2023/8/10 9:51 PM,36.13111111 ,137.71805556 ,21.38,0.21,森林山間地,,○
長野県,松本市,乗鞍高原・いがや,2023/8/10 10:11 PM,36.12027778 ,137.64222222 ,21.52,0.17,自然公園等,,○
長野県,松本市,,2023/8/10 10:19 PM,36.10444444 ,137.62638889 ,21.33,0.06,,,
長野県,松本市,,2023/8/10 10:27 PM,36.11888889 ,137.61638889 ,21.39,0.06,,,
長野県,松本市,,2023/8/10 10:35 PM,36.11333333 ,137.59722222 ,21.39,0.09,,,
長野県,松本市,平田駅西口,2023/8/16 8:56 PM,36.19222222 ,137.96138889 ,,,住宅地域,測定不可（雲量大）,○
長野県,松本市,松本駅西口,2023/8/16 9:20 PM,36.23055556 ,137.96333333 ,,,商業地域,測定不可（雲量大）,○
長野県,松本市,松本市中央,2023/8/16 9:40 PM,36.23388889 ,137.97888889 ,,,商業地域,測定不可（雲量大）,○
長野県,松本市,アルプス公園駐車場,2023/8/16 10:11 PM,36.25777778 ,137.95472222 ,,,自然公園等,測定不可（雲量大）,○
長野県,上田市,古安曽観測所前,2023/8/10 8:43 PM,36.35083333 ,138.21861111 ,20.06,0.08,農業地域,,○
長野県,上田市,古安曽観測所前,2023/8/10 8:44 PM,36.35111111 ,138.21861111 ,20.09,0.07,農業地域,,○
長野県,上田市,,2023/8/10 8:45 PM,36.35111111 ,138.21861111 ,20.66,0.18,,,
長野県,上田市,,2023/8/10 8:46 PM,36.35111111 ,138.21861111 ,20.56,0.28,,,
長野県,岡谷市,塩嶺王城パーク駐車場,2023/8/11 8:52 PM,36.06250000 ,138.01611111 ,20.29,0.07,自然公園等,,○
長野県,飯田市,,2023/8/17 9:06 PM,35.38888889 ,138.04138889 ,,,,測定不可（雲量大）,
長野県,飯田市,,2023/8/17 9:07 PM,35.38888889 ,138.04138889 ,,,,測定不可（雲量大）,
長野県,飯田市,,2023/8/18 1:38 AM,35.38888889 ,138.04138889 ,21.68,0.24,,参考値（時間外）,
長野県,飯田市,,2023/8/18 1:39 AM,35.38888889 ,138.04166667 ,21.41,0.25,,参考値（時間外）,
長野県,飯田市,,2023/8/16 9:20 PM,35.43333333 ,138.02777778 ,21.41,0.20,,,
長野県,飯田市,,2023/8/16 9:25 PM,35.43333333 ,138.02805556 ,21.56,0.26,,,
長野県,諏訪市,長野県霧ヶ峰自然保護センター,2023/8/10 9:38 PM,36.09805556 ,138.16861111 ,21.14,0.12,自然公園等,,○
長野県,諏訪市,諏訪市四賀霧ヶ峰車山肩,2023/8/10 9:25 PM,36.10388889 ,138.18722222 ,21.27,0.14,自然公園等,,○
長野県,諏訪市,,2023/8/11 10:18 PM,36.04444444 ,138.11000000 ,19.23,0.08,,,
長野県,須坂市,峰の原高原　サンセットテラス,2023/8/11 9:21 PM,36.55555556 ,138.35750000 ,20.98,0.08,自然公園等,,○
長野県,伊那市,伊那市 西春近北小学校グランド,2023/8/11 8:34 PM,35.81944444 ,137.93694444 ,19.84,0.13,農業地域,,○
長野県,伊那市,長野県伊那文化会館,2023/8/11 8:46 PM,35.83944444 ,137.94500000 ,19.46,0.24,住宅地域,,○
長野県,駒ヶ根市,駒ヶ根高原家族旅行村アルプスの丘周辺,2023/8/10 8:12 PM,35.73000000 ,137.89888889 ,20.60,0.13,自然公園等,,○
長野県,駒ヶ根市,日本電産長野技術研究開発センター周辺,2023/8/10 8:25 PM,35.72194444 ,137.91055556 ,20.41,0.15,農業地域,,○
長野県,駒ヶ根市,長野県駒ヶ根工業高等学校周辺,2023/8/10 8:43 PM,35.71333333 ,137.92055556 ,20.45,0.13,住宅地域,,○
長野県,大町市,大町市社 大町観測所,2023/8/10 8:29 PM,36.44500000 ,137.87694444 ,20.59,0.10,農業地域,,○
長野県,大町市,大町市大町 大町市役所,2023/8/10 8:09 PM,36.50250000 ,137.85111111 ,19.70,0.11,住宅地域,,○
長野県,茅野市,,2023/8/10 10:16 PM,36.01305556 ,138.23055556 ,20.96,0.12,,,
長野県,茅野市,,2023/8/11 9:07 PM,36.00638889 ,138.17916667 ,19.97,0.09,,,
長野県,茅野市,,2023/8/11 9:44 PM,35.99583333 ,138.15944444 ,19.05,0.07,,,
長野県,塩尻市,いこいの森公園,2023/8/11 8:38 PM,36.07138889 ,138.00361111 ,20.32,0.08,自然公園等,,○
長野県,塩尻市,平出遺跡公園,2023/8/11 9:24 PM,36.10305556 ,137.94305556 ,19.72,0.07,自然公園等,,○
長野県,塩尻市,北小野地区センター,2023/8/11 8:25 PM,36.05166667 ,137.96916667 ,20.58,0.05,農業地域,,○
長野県,塩尻市,,2023/8/12 8:18 PM,36.14388889 ,137.96416667 ,19.20,0.06,,,
長野県,塩尻市,,2023/8/11 8:48 PM,36.13638889 ,137.91388889 ,19.91,0.15,,,
長野県,塩尻市,信州スカイパーク,2023/8/11 9:41 PM,36.15638889 ,137.92194444 ,19.83,0.06,自然公園等,,○
長野県,塩尻市,堅石公民館,2023/8/11 9:52 PM,36.13888889 ,137.93750000 ,19.79,0.08,農業地域,,○
長野県,塩尻市,,2023/8/10 8:35 PM,36.13055556 ,137.90777778 ,19.73,0.12,,,
長野県,塩尻市,塩尻市役所北側駐車場,2023/8/10 9:26 PM,36.11527778 ,137.95333333 ,19.28,0.13,住宅地域,,○
長野県,塩尻市,塩尻東地区センター,2023/8/10 9:41 PM,36.10111111 ,137.97500000 ,19.96,0.12,農業地域,,○
長野県,塩尻市,塩尻市本山,2023/8/11 8:35 PM,36.06472222 ,137.90000000 ,20.59,0.11,農業地域,,○
長野県,塩尻市,,2023/8/11 8:49 PM,36.01277778 ,137.85944444 ,20.86,0.18,,,
長野県,塩尻市,,2023/8/11 9:01 PM,35.98638889 ,137.84250000 ,21.08,0.12,,,
長野県,塩尻市,,2023/8/11 9:24 PM,35.96027778 ,137.80888889 ,21.27,0.12,,,
長野県,塩尻市,奈良井ダム,2023/8/11 9:36 PM,35.93444444 ,137.81027778 ,21.40,0.18,森林山間地,,○
長野県,塩尻市,片丘小学校東,2023/8/18 8:57 PM,36.14416667 ,137.97972222 ,19.73,0.10,農業地域,,○
長野県,佐久市,,2023/8/16 8:01 PM,36.25583333 ,138.48694444 ,19.17,0.07,,,
長野県,佐久市,,2023/8/16 8:27 PM,36.27944444 ,138.51027778 ,19.24,0.12,,,
長野県,佐久市,うすだスタードーム,2023/8/10 9:07 PM,36.19305556 ,138.42944444 ,20.81,0.11,森林山間地,,○
長野県,千曲市,千曲市 中央公園,2023/8/10 10:05 PM,36.52833333 ,138.11055556 ,20.02,0.14,住宅地域,,○
長野県,千曲市,,2023/8/10 8:58 PM,36.53416667 ,138.13666667 ,19.80,0.09,,,
長野県,東御市,,2023/8/10 8:57 PM,36.36083333 ,138.33944444 ,19.86,0.10,,,
長野県,安曇野市,安曇野市穂高 穂高会館,2023/8/10 9:57 PM,36.34583333 ,137.88388889 ,19.82,0.19,住宅地域,,○
長野県,安曇野市,安曇野市穂高牧 安曇野公園穂高,2023/8/10 9:19 PM,36.32111111 ,137.84388889 ,20.30,0.39,農業地域,,○
長野県,安曇野市,安曇野市豊科 安曇野市役所,2023/8/10 9:39 PM,36.30416667 ,137.90555556 ,19.67,0.11,住宅地域,,○
長野県,川上村,,2023/8/10 9:17 PM,35.92277778 ,138.64111111 ,21.39,0.15,,,
長野県,南牧村,南佐久郡南牧村野辺山,2023/8/10 8:52 PM,35.96111111 ,138.46388889 ,21.05,0.12,住宅地域,,○
長野県,南牧村,国立天文台野辺山宇宙電波観測所内,2023/8/10 8:24 PM,35.94138889 ,138.47277778 ,21.18,0.14,農業地域,,○
長野県,南牧村,,2023/8/18 10:11 PM,35.97777778 ,138.47527778 ,20.74,0.33,,,
長野県,北相木村,南佐久郡北相木村栃原,2023/8/10 8:37 PM,36.06138889 ,138.51666667 ,21.05,0.30,森林山間地,,○
長野県,下諏訪町,諏訪郡下諏訪町八島湿原,2023/8/10 8:38 PM,36.12055556 ,138.15972222 ,21.12,0.09,自然公園等,,○
長野県,下諏訪町,下諏訪町赤砂崎公園,2023/8/8 9:22 PM,36.05916667 ,138.07861111 ,19.47,0.16,自然公園等,,○
長野県,下諏訪町,下諏訪町赤砂崎公園,2023/8/8 10:18 PM,36.05916667 ,138.07861111 ,20.16,0.09,自然公園等,,○
長野県,下諏訪町,,2023/8/8 10:03 PM,36.06972222 ,138.07861111 ,19.80,0.15,,,
長野県,富士見町,,2023/8/10 9:23 PM,35.91861111 ,138.28055556 ,21.07,0.14,,,
長野県,富士見町,マナスル山荘天文館コテージ広場,2023/8/12 9:25 PM,35.90277778 ,138.17083333 ,20.81,0.13,森林山間地,,○
長野県,原村,八ヶ岳自然文化園,2023/8/10 8:16 PM,35.97194444 ,138.26638889 ,21.33,0.16,自然公園等,,○
長野県,原村,,2023/8/11 10:19 PM,35.97083333 ,138.27000000 ,20.79,0.10,,,
長野県,原村,,2023/8/11 10:25 PM,35.97083333 ,138.27000000 ,20.76,0.10,,,
長野県,原村,,2023/8/10 9:51 PM,35.97361111 ,138.26305556 ,21.10,0.16,,,
長野県,原村,,2023/8/17 8:50 PM,35.96416667 ,138.21833333 ,19.55,0.11,,,
長野県,辰野町,,2023/8/10 10:08 PM,35.98222222 ,137.98722222 ,20.05,0.09,,,
長野県,箕輪町,,2023/8/11 9:25 PM,35.88777778 ,138.00527778 ,19.89,0.33,,,
長野県,箕輪町,JR木ノ下駅周辺,2023/8/10 8:59 PM,35.89888889 ,137.98750000 ,19.86,0.10,住宅地域,,○
長野県,箕輪町,上伊那郡箕輪町 箕輪北小学校グランド,2023/8/11 9:10 PM,35.93388889 ,137.98305556 ,20.17,0.06,住宅地域,,○
長野県,宮田村,,2023/8/11 8:15 PM,35.75194444 ,137.91277778 ,20.12,0.14,,,
長野県,阿智村,下伊那郡阿智村伍和 栗矢観測所,2023/8/8 8:53 PM,35.41111111 ,137.75027778 ,20.53,0.32,農業地域,,○
長野県,阿智村,下伊那郡阿智村伍和 栗矢観測所,2023/8/8 9:22 PM,35.41111111 ,137.75055556 ,20.92,0.19,農業地域,,○
長野県,大鹿村,,2023/8/8 10:37 PM,35.57777778 ,138.03416667 ,21.15,0.04,,,
長野県,大鹿村,,2023/8/8 10:28 PM,35.57750000 ,138.03416667 ,21.18,0.10,,,
長野県,大鹿村,,2023/8/8 9:43 PM,35.60166667 ,138.07083333 ,20.91,0.13,,,
長野県,大鹿村,,2023/8/8 9:58 PM,35.60138889 ,138.07000000 ,20.88,0.23,,,
長野県,大鹿村,,2023/8/10 8:55 PM,35.54583333 ,138.07361111 ,21.40,0.16,,,
長野県,上松町,木曽の桟,2023/8/8 9:55 PM,35.81027778 ,137.68500000 ,20.73,0.18,森林山間地,,○
長野県,上松町,上松駅前,2023/8/8 10:06 PM,35.78361111 ,137.69333333 ,20.26,0.09,商業地域,,○
長野県,上松町,木曽郡上松町倉本,2023/8/8 10:23 PM,35.72277778 ,137.71527778 ,21.35,0.16,その他,,○
長野県,王滝村,東京大学木曽観測所,2023/8/10 9:18 PM,35.79666667 ,137.62361111 ,21.29,0.12,森林山間地,,○
長野県,王滝村,東京大学木曽観測所,2023/8/10 10:32 PM,35.79666667 ,137.62361111 ,21.31,0.23,森林山間地,,○
長野県,大桑村,大桑中学校,2023/8/8 10:36 PM,35.68777778 ,137.67055556 ,21.18,0.04,住宅地域,,○
長野県,木曽町,,2023/8/11 8:56 PM,35.89500000 ,137.48777778 ,21.91,0.08,,,
長野県,木曽町,,2023/8/12 10:02 PM,35.90222222 ,137.48194444 ,19.67,0.41,,参考値（薄雲）,
長野県,木曽町,木曽町三岳倉本,2023/8/10 8:23 PM,35.89611111 ,137.58611111 ,21.72,0.09,森林山間地,,○
長野県,木曽町,開田高原水芭蕉園,2023/8/10 9:17 PM,35.96611111 ,137.57444444 ,21.23,0.14,自然公園等,,○
長野県,木曽町,開田高原保健休養地テニスコート,2023/8/10 10:00 PM,35.91861111 ,137.55638889 ,21.54,0.22,森林山間地,,○
長野県,木曽町,木曽馬の里,2023/8/11 8:25 PM,35.93250000 ,137.62916667 ,21.78,0.12,その他,,○
長野県,木曽町,,2023/8/11 8:58 PM,35.93472222 ,137.61694444 ,21.69,0.14,,,
長野県,木曽町,,2023/8/11 9:58 PM,35.93833333 ,137.57111111 ,21.51,0.25,,,
長野県,山形村,山形村 ミラ フード館 ,2023/8/13 8:34 PM,36.16694444 ,137.87888889 ,19.43,0.12,農業地域,,○
長野県,朝日村,朝日小学校付近,2023/8/10 8:57 PM,36.12777778 ,137.86305556 ,19.48,0.13,住宅地域,,○
長野県,坂城町,,2023/8/10 9:32 PM,36.43444444 ,138.19472222 ,20.13,0.05,,,
群馬県,高山村,群馬県吾妻郡高山村ぐんま天文台,2023/8/12 8:45 PM,36.59694444 ,138.97416667 ,20.76,0.12,森林山間地,,○
長野県,小川村,小川天文台,2023/8/11 10:19 PM,36.66000000 ,137.98722222 ,21.19,0.09,森林山間地,,○
長野県,栄村,,2023/8/16 9:01 PM,36.96361111 ,138.58444444 ,21.63,0.19,,,
長野県,栄村,,2023/8/16 9:41 PM,36.88555556 ,138.59972222 ,21.84,0.15,,,
長野県,栄村,,2023/8/16 9:57 PM,36.88694444 ,138.61500000 ,21.81,0.16,,,
長野県,栄村,,2023/8/16 9:57 PM,36.88611111 ,138.61500000 ,21.81,0.17,,,
長野県,栄村,,2023/8/16 9:00 PM,36.96277778 ,138.58444444 ,21.74,0.12,,,
長野県,栄村,,2023/8/16 9:40 PM,36.88555556 ,138.59972222 ,21.90,0.16,,,
岐阜県,高山市,,2023/8/10 11:46 PM,36.25277778 ,137.30472222 ,21.19,0.12,,参考値（時間外）,
岐阜県,下呂市,,2023/8/12 9:24 PM,35.89916667 ,137.48083333 ,21.55,0.29,,,
岐阜県,揖斐川町,揖斐川町西横山,2023/8/11 8:41 PM,35.57583333 ,136.45750000 ,20.77,0.12,森林山間地,,○
静岡県,清水町,,2023/8/12 9:55 PM,35.10138889 ,138.89333333 ,18.43,0.11,,,
静岡県,川根本町,静岡県榛原郡川根本町,2023/8/8 8:32 PM,35.06194444 ,138.09666667 ,20.92,0.13,住宅地域,,○
静岡県,川根本町,静岡県榛原郡川根本町,2023/8/8 8:47 PM,35.06194444 ,138.09638889 ,21.26,0.16,住宅地域,,○
静岡県,川根本町,静岡県榛原郡川根本町,2023/8/8 8:32 PM,35.06194444 ,138.09638889 ,20.91,0.13,住宅地域,,○
静岡県,川根本町,静岡県榛原郡川根本町,2023/8/10 8:52 PM,35.06194444 ,138.09638889 ,21.08,0.10,住宅地域,,○
静岡県,川根本町,静岡県榛原郡川根本町,2023/8/10 9:01 PM,35.06194444 ,138.09666667 ,21.03,0.11,住宅地域,,○
静岡県,川根本町,静岡県榛原郡川根本町,2023/8/10 9:05 PM,35.06194444 ,138.09666667 ,21.02,0.14,住宅地域,,○
静岡県,川根本町,静岡県榛原郡川根本町,2023/8/10 9:07 PM,35.06194444 ,138.09666667 ,21.02,0.11,住宅地域,,○
静岡県,川根本町,静岡県榛原郡川根本町,2023/8/10 9:16 PM,35.06194444 ,138.09666667 ,21.03,0.13,住宅地域,,○
静岡県,川根本町,静岡県榛原郡川根本町,2023/8/10 9:41 PM,35.06222222 ,138.09666667 ,20.87,0.28,住宅地域,,○
静岡県,川根本町,静岡県榛原郡川根本町,2023/8/10 9:46 PM,35.06222222 ,138.09666667 ,20.93,0.16,住宅地域,,○
静岡県,川根本町,静岡県榛原郡川根本町,2023/8/10 9:53 PM,35.06194444 ,138.09666667 ,21.05,0.12,住宅地域,,○
静岡県,川根本町,静岡県榛原郡川根本町,2023/8/10 9:55 PM,35.06194444 ,138.09666667 ,21.01,0.16,住宅地域,,○
静岡県,川根本町,静岡県榛原郡川根本町,2023/8/10 9:57 PM,35.06194444 ,138.09666667 ,21.07,0.17,住宅地域,,○
愛知県,豊田市,,2023/8/10 8:39 PM,35.05305556 ,137.12500000 ,18.03,0.10,,,
愛知県,設楽町,奥三河総合センター,2023/8/10 9:18 PM,35.09361111 ,137.57361111 ,20.68,0.10,住宅地域,,○
愛知県,設楽町,,2023/8/10 9:31 PM,35.06388889 ,137.54916667 ,20.57,0.07,,,
愛知県,設楽町,,2023/8/10 9:41 PM,35.05833333 ,137.53194444 ,20.65,0.13,,,
愛知県,設楽町,道の駅つぐ高原グリーンパーク,2023/8/10 9:18 PM,35.20083333 ,137.60444444 ,20.96,0.09,自然公園等,,○
愛知県,設楽町,道の駅つぐ高原グリーンパーク,2023/8/10 9:19 PM,35.20138889 ,137.60416667 ,20.97,0.10,自然公園等,,○
愛知県,豊根村,茶臼山高原(愛知県北設楽郡豊根村),2023/8/10 8:58 PM,35.22166667 ,137.65916667 ,21.07,0.13,自然公園等,,○
愛知県,豊根村,茶臼山高原(愛知県北設楽郡豊根村),2023/8/10 8:59 PM,35.22166667 ,137.65916667 ,21.04,0.13,自然公園等,,○
三重県,亀山市,鈴鹿峠自然の家,2023/8/12 9:30 PM,34.88194444 ,136.36000000 ,19.46,0.12,森林山間地,,○
三重県,亀山市,鈴鹿峠自然の家,2023/8/12 9:32 PM,34.88194444 ,136.36000000 ,19.46,0.09,森林山間地,,○
三重県,亀山市,鈴鹿峠自然の家,2023/8/20 10:04 PM,34.88194444 ,136.36000000 ,19.22,0.06,森林山間地,,○
京都府,京都市　右京区,,2023/8/12 8:59 PM,34.99916667 ,135.71861111 ,17.73,0.11,,,
京都府,京都市　中京区,京都市左京区 鴨川河川敷,2023/8/11 8:31 PM,35.01444444 ,135.77166667 ,17.89,0.10,住宅地域,,○
京都府,京都市　上京区,上京区主税町,2023/8/10 9:49 PM,35.01694444 ,135.74611111 ,17.89,0.08,商業地域,,○
京都府,和束町,相楽郡和束町杣田,2023/8/11 8:59 PM,34.78833333 ,135.90416667 ,19.07,0.15,農業地域,,○
大阪府,枚方市,枚方市 ひらパー,2023/8/12 9:04 PM,34.80944444 ,135.64027778 ,17.71,0.10,住宅地域,,○
大阪府,枚方市,枚方市 ひらパー,2023/8/11 8:40 PM,34.80944444 ,135.64027778 ,17.53,0.10,住宅地域,,○
兵庫県,神戸市　長田区,神戸市長田区鹿松町,2023/8/10 8:48 PM,34.68361111 ,135.13305556 ,18.33,0.11,住宅地域,,○
兵庫県,神戸市　長田区,神戸市長田区鹿松町,2023/8/11 9:54 PM,34.68361111 ,135.13361111 ,18.29,0.17,住宅地域,,○
兵庫県,神戸市　長田区,神戸市長田区鹿松町,2023/8/16 9:17 PM,34.68361111 ,135.13277778 ,18.20,0.13,住宅地域,,○
兵庫県,神戸市　長田区,神戸市長田区鹿松町,2023/8/8 9:59 PM,34.68361111 ,135.13333333 ,18.26,0.12,住宅地域,,○
兵庫県,南あわじ市,兵庫県南あわじ市阿万塩屋町「吹上浜（ふきあげはま）」,2023/8/11 8:30 PM,34.21611111 ,134.71694444 ,19.39,0.11,自然公園等,,○
兵庫県,南あわじ市,兵庫県南あわじ市阿万塩屋町「吹上浜（ふきあげはま）」,2023/8/11 8:34 PM,34.21583333 ,134.71777778 ,19.36,0.09,自然公園等,,○
兵庫県,南あわじ市,兵庫県南あわじ市阿万塩屋町「吹上浜（ふきあげはま）」,2023/8/19 8:50 PM,34.21500000 ,134.71916667 ,,,自然公園等,測定不可（雲量大）,○
兵庫県,南あわじ市,兵庫県南あわじ市阿万塩屋町「吹上浜（ふきあげはま）」,2023/8/19 8:55 PM,34.21500000 ,134.71916667 ,20.46,0.14,自然公園等,,○
和歌山県,和歌山市,和歌山県和歌山市中之島,2023/8/12 8:20 PM,34.24527778 ,135.18333333 ,17.80,0.17,住宅地域,,○
和歌山県,紀美野町,和歌山県海草郡紀美野町　みさと天文台,2023/8/10 9:04 PM,34.14444444 ,135.40666667 ,20.76,0.05,森林山間地,,○
和歌山県,紀美野町,和歌山県海草郡紀美野町　みさと天文台,2023/8/12 8:57 PM,34.14444444 ,135.40694444 ,20.54,0.08,森林山間地,,○
和歌山県,古座川町,和歌山県東牟婁郡古座川町佐田,2023/8/20 8:50 PM,33.59333333 ,135.69750000 ,21.74,0.26,森林山間地,,○
和歌山県,古座川町,和歌山県東牟婁郡古座川町佐田,2023/8/20 8:55 PM,33.59333333 ,135.69750000 ,21.52,0.20,森林山間地,,○
和歌山県,古座川町,和歌山県東牟婁郡古座川町佐田,2023/8/20 8:59 PM,33.59333333 ,135.69750000 ,21.56,0.16,森林山間地,,○
和歌山県,古座川町,和歌山県東牟婁郡古座川町佐田,2023/8/20 9:10 PM,33.59333333 ,135.69750000 ,21.43,0.21,森林山間地,,○
鳥取県,鳥取市,さじアストロパーク園地,2023/8/11 9:25 PM,35.34194444 ,134.11944444 ,21.58,0.22,森林山間地,,○
鳥取県,鳥取市,,2023/8/12 8:36 PM,35.34277778 ,134.15972222 ,21.23,0.12,,,
鳥取県,鳥取市,鳥取市倉田 倉田スポーツ広場,2023/8/12 9:18 PM,35.44750000 ,134.21194444 ,20.12,0.07,その他,,○
鳥取県,鳥取市,,2023/8/12 9:33 PM,35.49416667 ,134.21972222 ,18.74,0.10,,,
鳥取県,鳥取市,,2023/8/12 10:16 PM,35.49777778 ,134.15527778 ,20.23,0.09,,,
鳥取県,鳥取市,鳥取砂丘駐車場,2023/8/12 10:38 PM,35.54472222 ,134.23694444 ,19.94,0.07,自然公園等,,○
鳥取県,鳥取市,,2023/8/12 9:51 PM,35.50722222 ,134.23666667 ,18.92,0.11,,,
鳥取県,米子市,,2023/8/10 9:46 PM,35.39861111 ,133.41777778 ,20.67,0.09,,,
鳥取県,米子市,,2023/8/11 8:41 PM,35.42833333 ,133.33111111 ,18.86,0.07,,,
鳥取県,米子市,,2023/8/11 8:53 PM,35.42111111 ,133.33250000 ,18.86,0.06,,,
鳥取県,米子市,,2023/8/11 9:07 PM,35.42944444 ,133.32111111 ,19.29,0.08,,,
鳥取県,米子市,,2023/8/11 9:37 PM,35.46055556 ,133.32277778 ,19.58,0.10,,,
鳥取県,米子市,,2023/8/11 9:47 PM,35.45250000 ,133.34722222 ,19.28,0.09,,,
鳥取県,米子市,,2023/8/11 10:04 PM,35.45250000 ,133.41833333 ,20.45,0.09,,,
鳥取県,米子市,,2023/8/11 10:14 PM,35.45444444 ,133.44055556 ,20.77,0.12,,,
鳥取県,倉吉市,倉吉市関金町関金宿,2023/8/11 9:13 PM,35.35583333 ,133.76000000 ,21.48,0.10,農業地域,,○
鳥取県,伯耆町,,2023/8/10 9:54 PM,35.39055556 ,133.43583333 ,20.88,0.09,,,
鳥取県,伯耆町,,2023/8/10 10:03 PM,35.38055556 ,133.46750000 ,21.10,0.16,,,
島根県,松江市,島根県松江市八束町　八束千本桜公園,2023/8/18 10:19 PM,35.50222222 ,133.16000000 ,20.47,0.11,農業地域,,○
島根県,松江市,島根県松江市八束町　八束千本桜公園,2023/8/18 10:19 PM,35.50194444 ,133.16027778 ,20.47,0.11,農業地域,,○
島根県,浜田市,浜田市三隅町 三保公民館,2023/8/11 9:11 PM,34.78916667 ,131.94305556 ,20.50,0.05,住宅地域,,○
島根県,浜田市,浜田市竹迫町 海の見える文化公園,2023/8/16 11:40 PM,34.88694444 ,132.07611111 ,,,住宅地域,測定不可（雲量大）,○
岡山県,岡山市　北区,河原邸,2023/8/11 9:58 PM,34.82444444 ,133.85611111 ,19.98,0.06,森林山間地,,○
岡山県,倉敷市,,2023/8/11 9:36 PM,34.43416667 ,133.81333333 ,19.84,0.03,,,
岡山県,倉敷市,倉敷市 ライフパーク倉敷科学センター 屋上,2023/8/19 8:38 PM,34.53583333 ,133.76916667 ,18.15,0.11,工業地域,,○
岡山県,井原市,井原市美星天文台,2023/8/12 9:47 PM,34.67166667 ,133.54527778 ,20.29,0.09,森林山間地,,○
岡山県,久米南町,竜天天文台公園,2023/8/12 10:28 PM,34.89277778 ,134.00083333 ,20.84,0.09,森林山間地,,○
岡山県,美咲町,,2023/8/12 10:55 PM,34.96750000 ,134.05666667 ,20.99,0.08,,,
岡山県,美咲町,,2023/8/12 10:49 PM,34.96750000 ,134.05666667 ,20.98,0.03,,,
広島県,広島市　中区,,2023/8/13 10:00 PM,34.39833333 ,132.45361111 ,17.13,0.09,,,
広島県,東広島市,憩いの森公園,2023/8/8 8:15 PM,34.44694444 ,132.73805556 ,,,自然公園等,測定不可（ピンボケ）,○
山口県,山口市,山口県山口市阿東嘉年,2023/8/18 8:34 PM,34.47388889 ,131.65583333 ,21.72,0.16,農業地域,,○
山口県,山口市,山口県山口市阿東嘉年,2023/8/19 9:30 PM,34.47388889 ,131.65583333 ,20.95,0.15,農業地域,,○
山口県,山口市,山口県山口市阿東嘉年,2023/8/20 10:00 PM,34.47361111 ,131.65583333 ,21.18,0.03,農業地域,,○
山口県,周南市,山口県周南市（周南公立大学敷地内）,2023/8/16 8:04 PM,34.04805556 ,131.84611111 ,17.74,0.11,住宅地域,,○
徳島県,徳島市,,2023/8/16 8:38 PM,34.06305556 ,134.60305556 ,19.25,0.12,,,
徳島県,徳島市,,2023/8/16 8:05 PM,34.06972222 ,134.55750000 ,18.04,0.11,,,
徳島県,徳島市,,2023/8/16 9:05 PM,34.07333333 ,134.51527778 ,18.58,0.07,,,
徳島県,徳島市,,2023/8/16 9:19 PM,34.06222222 ,134.47138889 ,19.67,0.10,,,
徳島県,阿南市,,2023/7/18 12:41 AM,33.95194444 ,134.63333333 ,20.52,0.06,,参考値（時間外）,
徳島県,阿南市,,2023/7/18 12:43 AM,33.95194444 ,134.63333333 ,20.48,0.05,,参考値（時間外）,
徳島県,阿南市,,2023/7/18 12:45 AM,33.95194444 ,134.63333333 ,20.49,0.04,,参考値（時間外）,
徳島県,阿南市,,2023/7/18 12:51 AM,33.95194444 ,134.63333333 ,20.47,0.09,,参考値（時間外）,
徳島県,佐那河内村,徳島県名東郡佐那河内村上字大川原,2023/8/19 8:43 PM,33.95472222 ,134.41500000 ,20.92,0.09,森林山間地,,○
徳島県,石井町,,2023/8/11 9:01 PM,34.06750000 ,134.44861111 ,19.46,0.07,,,
徳島県,石井町,,2023/8/12 8:43 PM,34.06750000 ,134.44861111 ,19.02,0.09,,,
徳島県,石井町,,2023/8/16 9:50 PM,34.07361111 ,134.41861111 ,19.96,0.09,,,
徳島県,石井町,,2023/8/19 9:06 PM,34.06750000 ,134.44861111 ,19.14,0.10,,,
愛媛県,今治市,愛媛県今治市宮窪町宮窪,2023/8/12 9:58 PM,34.17083333 ,133.07888889 ,20.93,0.11,住宅地域,,○
愛媛県,今治市,愛媛県今治市宮窪町宮窪,2023/8/13 9:11 PM,34.17055556 ,133.07888889 ,20.77,0.10,住宅地域,,○
愛媛県,新居浜市,,2023/8/13 9:11 PM,33.90305556 ,133.30972222 ,19.94,0.07,,,
愛媛県,新居浜市,愛媛県総合科学博物館 屋上（愛媛県新居浜市）,2023/8/13 8:38 PM,33.91000000 ,133.24472222 ,19.58,0.06,その他,,○
愛媛県,四国中央市,,2023/8/12 9:53 PM,33.94250000 ,133.53611111 ,20.63,0.11,,,
愛媛県,久万高原町,久万高原天体観測館,2023/8/13 9:41 PM,33.67638889 ,132.93916667 ,21.30,0.14,森林山間地 ,,○
高知県,四万十市,四万十天文台前,2023/8/12 9:38 PM,33.17388889 ,132.79305556 ,21.66,0.20,森林山間地,,○
高知県,四万十市,四万十天文台前,2023/8/13 9:49 PM,33.17388889 ,132.79305556 ,21.08,0.23,森林山間地,,○
高知県,四万十市,四万十天文台前,2023/8/19 9:48 PM,33.17388889 ,132.79305556 ,21.47,0.30,森林山間地,,○
高知県,芸西村,芸西天文台,2023/8/11 9:05 PM,33.53055556 ,133.82472222 ,21.46,0.25,森林山間地,,○
高知県,芸西村,芸西天文台,2023/8/11 10:09 PM,33.53055556 ,133.82500000 ,,,森林山間地,測定不可（カメラブレ）,○
高知県,津野町,,2023/8/12 9:32 PM,33.47694444 ,133.00361111 ,21.44,0.07,,,
高知県,津野町,高知県高岡郡津野町芳生野乙 星ふるヴィレッジTENGU,2023/8/12 9:32 PM,33.47694444 ,133.00388889 ,21.43,0.08,森林山間地,,○
福岡県,北九州市　戸畑区,九州工業大学 戸畑キャンパス運動場,2023/8/18 10:25 PM,33.89000000 ,130.83972222 ,18.25,0.09,住宅地域,,○
福岡県,太宰府市,,2023/8/11 8:55 PM,33.52416667 ,130.54055556 ,,,,測定不可（ピンボケ）,
長崎県,佐世保市,佐世保市江迎町奧川内 白岳自然公園,2023/8/13 9:56 PM,33.30777778 ,129.66500000 ,20.38,0.19,自然公園等,,○
長崎県,佐世保市,佐世保市星和台町,2023/8/19 10:03 PM,33.17416667 ,129.68000000 ,19.45,0.10,住宅地域,,○
熊本県,天草市,熊本県天草市,2023/8/11 9:08 PM,32.45333333 ,130.12222222 ,21.62,0.16,森林山間地,,○
宮崎県,都城市,宮崎県都城市高崎町,2023/8/15 9:52 PM,31.88027778 ,131.06972222 ,20.99,0.10,住宅地域,,○
宮崎県,高千穂町,宮崎県西臼杵郡高千穂町　国見ヶ丘,2023/8/20 9:46 PM,32.71750000 ,131.27694444 ,20.74,0.18,森林山間地,,○
鹿児島県,奄美市,,2023/8/12 9:37 PM,28.47500000 ,129.69027778 ,21.05,0.13,,,
鹿児島県,奄美市,,2023/8/12 9:51 PM,28.47416667 ,129.71722222 ,21.10,0.08,,,
鹿児島県,奄美市,,2023/8/12 10:03 PM,28.44361111 ,129.71388889 ,21.07,0.11,,,
鹿児島県,奄美市,,2023/8/12 10:03 PM,28.51861111 ,129.69083333 ,20.95,0.14,,,
鹿児島県,奄美市,,2023/8/12 10:03 PM,28.47166667 ,129.71583333 ,20.95,0.14,,,
鹿児島県,奄美市,,2023/8/20 9:46 PM,28.25500000 ,129.40333333 ,,,,測定不可（雲量大）,
鹿児島県,奄美市,,2023/8/20 10:19 PM,28.29416667 ,129.47750000 ,20.62,0.30,,参考値（薄雲）,
鹿児島県,中種子町,熊毛郡中種子町,2023/8/13 10:02 PM,30.55666667 ,130.97944444 ,21.58,0.19,農業地域,,○
鹿児島県,大和村,,2023/8/18 8:37 PM,28.32527778 ,129.27500000 ,21.27,0.10,,,
鹿児島県,大和村,,2023/8/18 8:46 PM,28.32777778 ,129.28861111 ,21.76,0.14,,,
鹿児島県,大和村,,2023/8/18 8:52 PM,28.32805556 ,129.29972222 ,21.78,0.12,,,
鹿児島県,大和村,,2023/8/18 9:02 PM,28.34444444 ,129.31333333 ,21.81,0.14,,,
鹿児島県,大和村,,2023/8/18 9:33 PM,28.34888889 ,129.32277778 ,21.70,0.18,,,
鹿児島県,大和村,,2023/8/18 9:44 PM,28.35222222 ,129.32805556 ,21.73,0.15,,,
鹿児島県,大和村,,2023/8/18 9:56 PM,28.36527778 ,129.34027778 ,21.70,0.09,,,
鹿児島県,大和村,,2023/8/18 10:06 PM,28.36444444 ,129.35027778 ,21.57,0.08,,,
鹿児島県,大和村,,2023/8/19 8:47 PM,28.37305556 ,129.40694444 ,21.27,0.21,,,
鹿児島県,大和村,,2023/8/19 10:19 PM,28.32055556 ,129.27361111 ,21.68,0.14,,,
鹿児島県,宇検村,,2023/8/13 8:59 PM,28.27638889 ,129.28333333 ,21.49,0.17,,,
鹿児島県,宇検村,,2023/8/19 10:58 PM,28.27666667 ,129.26500000 ,21.50,0.13,,,
鹿児島県,宇検村,,2023/8/19 10:43 PM,28.29388889 ,129.22916667 ,21.26,0.08,,,
鹿児島県,瀬戸内町,鹿児島県瀬戸内町油井岳,2023/8/13 8:53 PM,28.17500000 ,129.31250000 ,21.74,0.08,自然公園等,,○
鹿児島県,瀬戸内町,鹿児島県大島郡瀬戸内町阿木名,2023/8/18 8:44 PM,28.17500000 ,129.32666667 ,,,農業地域,測定不可（雲量大）,○
鹿児島県,瀬戸内町,,2023/8/19 8:45 PM,28.16833333 ,129.33694444 ,21.25,0.15,,,
鹿児島県,瀬戸内町,鹿児島県大島郡瀬戸内町ホノホシ海岸,2023/8/19 9:00 PM,28.13083333 ,129.37000000 ,21.60,0.25,自然公園等,,○
鹿児島県,瀬戸内町,鹿児島県大島郡瀬戸内町ヤドリ浜,2023/8/19 9:05 PM,28.12361111 ,129.36361111 ,21.63,0.17,自然公園等,,○
鹿児島県,瀬戸内町,鹿児島県大島郡瀬戸内町マネン崎,2023/8/19 10:01 PM,28.13138889 ,129.33694444 ,21.65,0.21,自然公園等,,○
鹿児島県,瀬戸内町,,2023/8/19 10:15 PM,28.14944444 ,129.29611111 ,21.32,0.07,,,
鹿児島県,龍郷町,鹿児島県大島郡龍郷町赤尾木,2023/8/12 9:09 PM,28.41777778 ,129.64000000 ,21.04,0.09,その他,,○
鹿児島県,龍郷町,,2023/8/18 10:00 PM,28.45472222 ,129.59500000 ,21.12,0.21,,,
鹿児島県,龍郷町,,2023/8/18 9:41 PM,28.41472222 ,129.59083333 ,20.62,0.12,,,
鹿児島県,徳之島町,,2023/8/12 8:54 PM,27.89111111 ,128.96861111 ,21.50,0.25,,,
鹿児島県,徳之島町,,2023/8/12 9:18 PM,27.81805556 ,128.96833333 ,21.44,0.14,,,
鹿児島県,徳之島町,,2023/8/12 9:43 PM,27.76638889 ,129.03722222 ,21.54,0.14,,,
鹿児島県,天城町,,2023/8/12 8:37 PM,27.89277778 ,128.90055556 ,21.65,0.12,,,
鹿児島県,伊仙町,,2023/8/11 9:43 PM,27.72361111 ,128.88361111 ,21.46,0.15,,,
鹿児島県,伊仙町,,2023/8/12 10:09 PM,27.66972222 ,128.96972222 ,21.69,0.17,,,
鹿児島県,与論町,与論町内,2023/8/12 9:30 PM,27.04305556 ,128.42833333 ,21.48,0.14,農業地域,,○
鹿児島県,与論町,与論町内,2023/8/12 10:25 PM,27.04305556 ,128.42833333 ,21.60,0.30,農業地域,,○
鹿児島県,与論町,与論町内,2023/8/13 10:04 PM,27.04305556 ,128.42833333 ,21.60,0.17,農業地域,,○
鹿児島県,与論町,与論町内,2023/8/13 10:26 PM,27.04305556 ,128.42833333 ,21.61,0.18,農業地域,,○
沖縄県,今帰仁村,沖縄県国頭郡今帰仁村今泊　今帰仁城跡内　,2023/8/10 9:54 PM,26.69222222 ,127.92805556 ,19.98,0.16,自然公園等,,○
沖縄県,今帰仁村,沖縄県国頭郡今帰仁村字与那嶺,2023/8/9 9:34 PM,26.69750000 ,127.94944444 ,20.82,0.15,住宅地域,,○
沖縄県,竹富町,波照間島星空観測タワー広場,2023/8/20 9:35 PM,24.04972222 ,123.79750000 ,21.51,0.20,その他,,○
